cue_x,1_x,2_x,cue_y,1_y,2_y,episode_id,chosen_ball,chosen_pocket,route_kind,sink_ball_id,angle_score,dist_score,n_score,score_check_diff,V0,predicted_landing_x,predicted_landing_y,actual_landing_x,actual_landing_y,landing_error,outcome,failure_type
309.8388152800934,55.37046179731811,29.35181948944677,1020.4955626326595,113.27390227706708,919.8946728828691,0,1,lb,direct,1,1997.5164405731177,-1328.4979478372147,2000.0,139.8139139033956,2.5,-16.75843071412117,-16.75843071412117,328.2017705368698,806.3619977116435,892.4823696516019,fail,contact_no_pot
123.67955186253693,33.022447717338196,232.660058811969,969.1230661750033,744.4458460130314,623.5023943783035,1,1,lc,direct,1,1999.8577777157118,729.6977860188699,2000.0,8.006514358139611,2.5,-38.9,560.0,566.7584307141212,-16.75843071412117,836.3446790019697,fail,foul_cue_potted
87.90493201660598,113.43321121122062,456.23534983141826,574.6915272095378,868.7326299376409,553.764258047246,2,1,lt,direct,1,1993.7273116657882,227.66787192643824,2000.0,353.1258794170735,2.5,-16.75843071412117,1136.7584307141212,138.16216735920213,743.1101769036547,423.0358606967329,fail,foul_cue_potted
351.36175237875756,365.2425098138272,31.278723777108663,320.32323982510934,658.3135684444917,623.6801232061346,3,1,rt,direct,1,1995.890849492579,-596.2339245360099,2000.0,231.3278309518355,2.5,566.7584307141212,1136.7584307141212,16.052869587660023,18.565307643935117,1246.4479433723125,fail,contact_no_pot
460.8525366268018,102.88722759920576,23.60088200578815,1083.0395327036886,665.3153273353538,437.27012782040714,4,1,lc,direct,1,1997.5454371497449,-178.22229694841872,2000.0,138.18152901895837,2.5,-38.9,560.0,164.41497353339952,139.42080933537653,467.14433966708475,fail,contact_no_pot
244.95032212272795,469.5277599750548,231.08832976949827,190.29127686508866,315.56155187558716,339.3584872178072,5,1,rc,direct,1,1992.800958201759,424.09729456211835,2000.0,405.2756697792429,2.5,588.9000000000001,560.0,402.60988136748557,32.070753292886664,559.8332768144963,fail,foul_cue_potted
284.2346429436256,349.42180909854403,438.7673968239828,645.3250054447021,1090.4226616260369,466.08341147110775,6,1,rt,direct,1,1986.7288845050607,-85.18031763233967,2000.0,747.1077917957514,2.5,566.7584307141212,1136.7584307141212,405.5506188330125,931.4941859957905,261.00070645743796,fail,foul_cue_potted
214.04186017205166,166.5305468456927,128.25330103291674,90.34312735218934,1003.1801969926222,508.19812668673325,7,1,lt,direct,1,1990.5625030236474,-1528.754415468089,2000.0,531.2912489361236,2.5,-16.75843071412117,1136.7584307141212,-16.75843071412117,1136.7584307141212,0.0,fail,foul_cue_potted
408.57853470869964,336.27723320496114,167.0064143452609,789.789289156823,480.03129565524006,1072.711370978883,8,1,lb,direct,1,1995.50348706219,-819.229520204673,2000.0,253.13470092466832,2.5,-16.75843071412117,-16.75843071412117,-16.75843071412117,-16.75843071412117,0.0,success,
505.8935841928789,376.9429843961656,478.7796445312766,60.92574265057006,638.726120446101,740.584688699047,9,1,rt,direct,1,1993.6437817274293,-1453.7917908843156,2000.0,357.8282624096664,2.5,566.7584307141212,1136.7584307141212,503.31305107698586,941.6625716670526,205.15289521382317,fail,contact_no_pot
21.0215123598922,435.0619323658821,388.53872252508137,573.1920289834105,681.7532043093981,334.8099057606252,10,1,rc,direct,1,1989.75820931447,97.26403123499108,2000.0,576.5695902517477,2.5,588.9000000000001,560.0,566.7584307141212,-16.75843071412117,577.18327807574,fail,potted_wrong_pocket
476.6789351859616,103.5243482087563,29.48760974911113,946.4408953328019,703.1854029570229,145.3097248199776,11,1,lc,direct,1,1997.6482330501146,72.65315396272922,2000.0,132.39455367689789,2.5,-38.9,560.0,39.147797058546615,315.3824227792427,256.76685477499865,fail,contact_no_pot
502.4432696591575,20.15672756147893,301.6432682314581,941.6598554802465,582.966561452357,544.1783615830522,12,1,lc,direct,1,1997.0683724473445,17.21544897856552,2000.0,165.03825831877066,2.5,-38.9,560.0,-38.9,560.0,0.0,success,
48.95839584362227,209.90126227190143,150.2153340552346,946.3399398793495,754.5954836075011,395.0828747949964,13,1,rc,direct,1,1995.2258312616725,-26.939234239215466,2000.0,268.76555065113416,2.5,588.9000000000001,560.0,588.9000000000001,560.0,0.0,success,
294.9110907223781,363.654068828429,496.46948755390054,25.355435966245114,246.24625167739472,423.9328189389746,14,1,lc,direct,1,1985.9567162070828,-309.1249857384796,2000.0,790.5776080457072,2.5,-38.9,560.0,41.17757032975326,871.9696809279762,322.08306240505703,fail,contact_no_pot
386.5001279864607,432.2246949096324,104.6284321057001,955.703666993747,246.81573043685194,69.53631580000157,15,1,rb,direct,1,1995.6009938059624,-1068.16664337035,2000.0,247.64548277622225,2.5,566.7584307141212,-16.75843071412117,454.6059283243987,161.33141784892752,210.46182065516382,fail,contact_no_pot
388.99194169591806,147.14402905293997,375.6646856748006,190.44525175206613,336.5532111025778,521.3337432594444,16,1,lc,direct,1,1996.076613914894,301.9126678502414,2000.0,220.87007799181674,2.5,-38.9,560.0,24.193508278959033,496.22958155346674,89.70761983127755,fail,contact_no_pot
461.3895570156601,45.21115679767229,301.49670074105615,968.228349292169,724.9169419338388,665.5093400046535,17,1,lc,direct,1,1993.6991924318454,-7.483305104099145,2000.0,354.7088736111873,2.5,-38.9,560.0,126.55560247538145,775.9330718318705,272.0342770704442,fail,contact_no_pot
395.9214080593975,76.1408029004968,370.72873796600004,41.513295101216606,341.1370886880404,951.2793925937815,18,1,lc,direct,1,1996.2650845652743,-51.9354393288304,2000.0,210.25997581333058,2.5,-38.9,560.0,375.86202656826595,458.43579990370756,427.01618871444987,fail,contact_no_pot
298.3266985007238,77.22763161962467,96.87951227995546,272.27031114505587,559.6313269469691,595.3663391629659,19,1,lc,direct,1,1989.7644421948314,557.5570901831225,2000.0,576.2187053931784,2.5,-38.9,560.0,-38.9,560.0,0.0,success,
419.89784804301337,415.92538572511376,78.74719238804232,939.0545062365453,58.67077954761479,831.8857168456926,20,1,rb,direct,1,1988.2201487704745,-1261.7465817139969,2000.0,663.1559075142859,2.5,566.7584307141212,-16.75843071412117,198.35060757057127,70.66471634600096,378.63852259809084,fail,contact_no_pot
87.21914585689484,272.9159295109918,407.5792437822026,211.73088380737727,953.5230154119981,1069.0649056277887,21,1,lt,direct,1,1986.695673600726,-1462.3996043633024,2000.0,748.977425543613,2.5,-16.75843071412117,1136.7584307141212,-16.75843071412117,1136.7584307141212,0.0,success,
435.62780795658057,115.82501389340774,414.28646217960255,825.1985203356604,25.64441738647828,1055.374405876924,22,1,lb,direct,1,1990.6277288293813,-1084.263940444428,2000.0,527.6193113579611,2.5,-16.75843071412117,-16.75843071412117,191.96572262900418,189.54956238395914,293.4770181887537,fail,contact_no_pot
472.0931396487545,320.8659149899339,451.6880369286713,344.04328389453246,1077.6579231280473,89.41162505988338,23,1,lt,direct,1,1987.2864823298614,-1406.4082013219036,2000.0,715.7173875937933,2.5,-16.75843071412117,1136.7584307141212,-16.75843071412117,1136.7584307141212,0.0,fail,foul_cue_potted
382.3416000451213,292.46710486923297,362.96496003946254,992.9541098262904,286.5718536325607,626.7908941128151,24,1,rb,direct,1,1990.7517432820503,-1463.95406522152,2000.0,520.637821074085,2.5,566.7584307141212,-16.75843071412117,566.7584307141212,-16.75843071412117,0.0,success,
247.87979328895455,101.93637316860838,185.93817658256665,652.4516160649408,582.4177286730038,775.5195094558854,25,1,lc,direct,1,1996.1536218372903,1151.969965689172,2000.0,216.53485697183623,2.5,-38.9,560.0,-38.9,560.0,0.0,success,
163.77598956082048,157.08278612272505,511.7516219457405,842.336938757991,336.5881090777537,1007.0979009171413,26,1,lb,direct,1,1995.1019996140562,-733.3914719807549,2000.0,275.7367497820833,2.5,-16.75843071412117,-16.75843071412117,213.0127009193899,52.38474436195921,239.94906041021662,fail,contact_no_pot
402.62225343668166,114.61899185736348,209.94396669668572,960.4965870997858,371.2631877877775,877.7974931405382,27,1,lb,direct,1,1998.6079597426658,-1245.8891852979682,2000.0,78.36599140022099,2.5,-16.75843071412117,-16.75843071412117,344.520332367334,381.2256588888144,537.5069117981122,fail,contact_no_pot
139.22187755593876,503.38289566564134,169.515593119734,47.51486408768006,1016.3062898866646,198.9081457793443,28,,,,,,,,,,,,,,,skipped,skipped_no_route
48.889180575601245,331.66420421512197,165.2640269037219,462.26177810272276,295.8998942759633,759.5897740485476,29,1,rb,direct,1,1995.4553550454284,-161.7683780892594,2000.0,255.84433032780998,2.5,566.7584307141212,-16.75843071412117,566.7584307141212,-16.75843071412117,0.0,success,
284.3062895748329,497.1312733791128,119.23488346625282,848.7372250149831,116.05906017437357,1094.7175664097456,30,1,rb,direct,1,1997.845083555316,-765.498641821147,2000.0,121.3127010390499,2.5,566.7584307141212,-16.75843071412117,215.4612753731683,358.5405130322275,514.061269235264,fail,contact_no_pot
361.30294511673276,41.50562943303851,247.68965579405864,483.3608824119146,229.21743982644034,86.70428690637542,31,1,lb,direct,1,1992.5422974951487,3.749054330378385,2000.0,419.8371758872777,2.5,-16.75843071412117,-16.75843071412117,407.28534696653156,196.22466579836296,474.5260001198301,fail,contact_no_pot
358.3292918710209,301.36174663370787,320.7734304263761,496.9339945150573,780.4169157241047,73.02724568762147,32,1,lt,direct,1,1993.804918873297,-320.39099920342187,2000.0,348.75692117452127,2.5,-16.75843071412117,1136.7584307141212,-16.75843071412117,1136.7584307141212,0.0,fail,foul_cue_potted
59.73347649888984,102.78120325380877,469.88163031820363,399.22283321572763,1082.7865003586774,553.5766724967118,33,1,lt,direct,1,1987.0794338650996,-537.7018830147827,2000.0,727.37334231455,2.5,-16.75843071412117,1136.7584307141212,343.47714773153257,1065.5733500501397,367.2015627515933,fail,contact_no_pot
464.11679792590553,432.6923232674025,158.10186687401034,677.976631130433,913.2852595137185,924.0675090477876,34,1,rt,direct,1,1991.948710442876,516.9056864700162,2000.0,453.2536217038337,2.5,566.7584307141212,1136.7584307141212,566.7584307141212,1136.7584307141212,0.0,success,
486.2503164981087,174.4622982515283,114.17132949561802,250.34889721670623,1089.1668405732667,1088.800271914877,35,,,,,,,,,,,,,,,skipped,skipped_no_route
300.66663967837815,137.80080972632385,134.74043902693666,232.1629672272885,21.55998499783665,425.12138303461137,36,1,lb,direct,1,1992.13061397648,746.7753176489985,2000.0,443.0132204834217,2.5,-16.75843071412117,-16.75843071412117,144.943875987634,56.88536514042324,177.68242642572818,fail,contact_no_pot
246.06628801454156,478.29807550441075,324.1269801920459,1061.469511304878,231.94223970096314,639.3938550104565,37,,,,,,,,,,,,,,,skipped,skipped_no_route
266.42351031780515,290.1702446101938,260.1803361255377,958.7056241629614,627.368722062006,764.3270515705615,38,,,,,,,,,,,,,,,skipped,skipped_no_route
489.82759273448437,441.815724699213,340.5595792565177,467.8469216518049,1042.8534485842492,291.95591533666527,39,1,rt,direct,1,1989.076920567433,-254.81644259478298,2000.0,614.9232713396777,2.5,566.7584307141212,1136.7584307141212,566.7584307141212,1136.7584307141212,0.0,success,
435.75188221081373,33.097756325136686,249.35128384185825,785.7540546405812,997.4171290447298,147.67647563071014,40,1,lt,direct,1,1991.7780281022067,182.0107743298795,2000.0,462.8623171209265,2.5,-16.75843071412117,1136.7584307141212,345.8940233981238,1018.2931250708531,381.51124638047946,fail,contact_no_pot
114.37652090789089,265.3583584336769,379.9510766481181,362.1135290665345,94.22114617215715,359.48044256586263,41,1,rb,direct,1,1991.885043510659,102.59726936513812,2000.0,456.83780128219223,2.5,566.7584307141212,-16.75843071412117,65.17065615789444,149.95057357726517,528.5661620801068,fail,foul_cue_potted
445.210632089816,112.09438321003552,174.77202839528331,248.75091775389484,217.44367966141542,586.7864590260815,42,1,lb,direct,1,1989.0070851894031,161.7068534841926,2000.0,618.8547083834592,2.5,-16.75843071412117,-16.75843071412117,119.80209335755107,952.0525265230687,978.3881886028519,fail,foul_cue_potted
149.2636164402582,462.7241041403906,226.35459740019695,80.54950145654625,258.15337354688984,361.0163816417019,43,1,rc,direct,1,1992.5316173174983,-78.63747327143255,2000.0,420.43842481344245,2.5,588.9000000000001,560.0,503.481655377514,378.8514473510662,200.27753674551056,fail,foul_cue_potted
237.9575787835438,130.56422110542036,501.9955688470502,141.767724611808,1054.9847787314868,973.1338722113308,44,1,lt,direct,1,1989.9563719328694,-1367.4632388247173,2000.0,565.4138711785922,2.5,-16.75843071412117,1136.7584307141212,486.59818681455283,890.632191724958,560.3088522670854,fail,contact_no_pot
526.2495025959937,335.5667755864874,518.7136976985813,527.919509772896,324.8459174667232,747.2595750604728,45,1,lb,direct,1,1999.4441612616272,-309.592752633901,2000.0,31.291375060267455,2.5,-16.75843071412117,-16.75843071412117,-16.75843071412117,-16.75843071412117,0.0,success,
237.2910930255553,462.9456745527246,72.2860914244036,825.8657503887698,369.2064247065257,886.88090669543,46,1,rb,direct,1,1997.8314664216323,-753.2381201148664,2000.0,122.07928819450899,2.5,566.7584307141212,-16.75843071412117,77.10905745832443,264.45574995904394,564.6573510913271,fail,contact_no_pot
69.54768888259099,347.11810703893804,113.97299869485592,344.0722230609141,367.6289998111763,1011.4034200585911,47,1,rc,direct,1,1993.1175554086083,241.61836004319275,2000.0,387.4525832279969,2.5,588.9000000000001,560.0,529.4634208022763,933.1514829061827,377.8554434460491,fail,contact_no_pot
246.81904727663866,254.57182883649105,191.39749500368958,811.0026036522389,660.3494505113531,510.69090213620973,48,1,rb,direct,1,1994.8610046660913,-722.2963486175936,2000.0,289.30374823648344,2.5,566.7584307141212,-16.75843071412117,566.7584307141212,-16.75843071412117,0.0,success,
245.4129448418274,451.55362853883884,511.6297811989756,887.2298310843885,266.9275371745717,82.74963906041886,49,1,rb,combo,2,1998.5092644915685,-798.1222552387185,-601.4724164300528,83.92211749498574,2.5,566.7584307141212,-16.75843071412117,566.7584307141212,-16.75843071412117,0.0,success,
93.47903052603137,484.49936025215493,179.55846220631275,1071.4231888642814,624.8735862273395,980.0324406008473,50,,,,,,,,,,,,,,,skipped,skipped_no_route
350.13371863299005,229.04696888402245,184.65672757041395,289.3175846920061,70.63929720213636,335.16230292433283,51,1,lb,direct,1,1991.4382105271015,472.2151298300114,2000.0,481.99261240372743,2.5,-16.75843071412117,-16.75843071412117,66.41740482804153,876.256118777228,896.8797049891218,fail,contact_no_pot
207.64926275824047,213.8137881514956,185.34404538205348,948.3404634917516,121.7405135220636,468.1513854061757,52,1,lb,direct,1,1988.9690179385896,-1400.9177115921393,2000.0,620.9977339419338,2.5,-16.75843071412117,-16.75843071412117,73.6521043855275,78.41242070343759,131.26902078002962,fail,contact_no_pot
43.3889541986743,209.2674903491643,478.5172118362409,445.62535571686226,621.3850229949575,200.0682497409075,53,1,rc,direct,1,1988.5747156647233,82.68854116226066,2000.0,643.195287813011,2.5,588.9000000000001,560.0,588.9000000000001,560.0,0.0,success,
116.0910793647629,334.76225039969705,185.46350546020764,849.0083073303242,1021.2284290381364,292.9130092424545,54,1,rt,direct,1,1997.5727552746284,419.63521809941244,2000.0,136.6436338838148,2.5,566.7584307141212,1136.7584307141212,79.22052397101837,431.4634075447008,857.3997202116408,fail,contact_no_pot
23.67913861985909,438.1791783620905,523.6331298586479,688.0137067602946,991.2697522660017,556.4780060765727,55,1,rt,direct,1,1997.6212611694366,-118.04964436308455,2000.0,133.9129567245991,2.5,566.7584307141212,1136.7584307141212,566.7584307141212,1136.7584307141212,0.0,success,
446.119487961003,350.54308203380754,454.0671574479935,123.10095654727692,613.5633154134679,306.07333831872785,56,1,rt,direct,1,1993.5615585848725,-1267.1480730097373,2000.0,362.45707831392156,2.5,566.7584307141212,1136.7584307141212,506.567437792382,544.3768671954666,595.4316689811776,fail,contact_no_pot
234.30307894018367,128.64661036823202,258.5462678452898,648.9077105493442,503.1795055252851,127.88940380581232,57,1,lb,direct,1,1995.4377463127657,-162.7430859779397,2000.0,256.8356276592913,2.5,-16.75843071412117,-16.75843071412117,24.39434901634635,1041.868856270319,1059.426865823017,fail,foul_cue_potted
102.31070276496166,418.3296276100804,353.25217950725636,611.2734662221818,343.6472906857253,339.81195035897787,58,1,rb,direct,1,1994.6440997785853,-433.3360630883726,2000.0,301.5145779588238,2.5,566.7584307141212,-16.75843071412117,227.64549533048825,153.91064921549872,379.6386674043189,fail,contact_no_pot
225.10219922705667,138.76828439388788,72.6129368758032,506.0753619081575,164.34689563934137,530.7754279835495,59,1,lb,direct,1,1994.7268001912446,239.0486930793886,2000.0,296.8588937621257,2.5,-16.75843071412117,-16.75843071412117,-16.75843071412117,-16.75843071412117,0.0,success,
191.74721517497517,86.34851624126368,165.74969935960425,1092.8408821852925,560.3568831549901,257.6728128985256,60,1,lb,direct,1,1999.7951163803873,-1445.5780066356642,2000.0,11.534083075553099,2.5,-16.75843071412117,-16.75843071412117,184.11265559289032,427.627685377106,487.67634091557534,fail,contact_no_pot
470.09592076532755,262.19906818968116,360.7414383711437,509.1406294129841,973.6924548305351,107.53871855871486,61,1,lt,direct,1,1993.1712787549488,-531.669562927535,2000.0,384.42818556770635,2.5,-16.75843071412117,1136.7584307141212,291.16311559336623,639.0160954919291,585.288912378182,fail,contact_no_pot
529.0164190958677,388.6345399633025,123.33545873381905,814.480486370964,463.1572219618687,1059.9949364196814,62,1,rb,direct,1,1991.72833817559,-725.288080806497,2000.0,465.6596502737757,2.5,566.7584307141212,-16.75843071412117,473.69664335580757,890.0361019701146,911.5573601108958,fail,contact_no_pot
414.97286947704214,460.41635869535884,310.55326030198626,757.0480510894307,510.0602860551391,24.704458456973335,63,1,rb,direct,1,1999.7922902330515,-370.3200384085335,2000.0,11.693183242844043,2.5,566.7584307141212,-16.75843071412117,315.4429883966896,59.38405109382389,262.5968946562003,fail,contact_no_pot
317.02244234605627,33.98992516986647,30.55862352777143,200.3983146899141,244.85875518295933,705.7177464459953,64,1,lc,direct,1,1986.527510329435,111.43889183452734,2000.0,758.4443079864004,2.5,-38.9,560.0,310.6024207999595,1017.5401532247901,575.7559673663802,fail,contact_no_pot
87.70270104952279,265.7841039897804,397.2181334683265,626.5021685497308,754.4015936085866,197.6821894362969,65,1,rt,direct,1,1996.5334865529028,-114.72975052532684,2000.0,195.1500766969175,2.5,566.7584307141212,1136.7584307141212,566.7584307141212,1136.7584307141212,0.0,fail,foul_cue_potted
171.90396621416193,366.13894739610214,282.3990067118378,52.916252364863745,996.5751336715981,602.3121232132311,66,,,,,,,,,,,,,,,skipped,skipped_no_route
148.06061229529064,115.17306739668356,150.70831968984635,359.91297900177517,398.0461394249181,31.025472779758562,67,1,lc,direct,1,1997.9822725897518,1254.4890285886377,2000.0,113.58953740483958,2.5,-38.9,560.0,134.1870750562947,256.8146454698852,349.11387075436403,fail,contact_no_pot
517.0855265623334,278.70319618937043,416.1567492932593,599.0455101451203,1052.126987585074,657.9814475206153,68,1,lt,direct,1,1991.1579690392084,-506.83939192828166,2000.0,497.7690254165691,2.5,-16.75843071412117,1136.7584307141212,152.5711246056381,473.2580806652554,684.7665389165528,fail,contact_no_pot
58.10467604151949,398.40391791801693,259.71448827906266,362.73040554280146,374.43075596740204,214.93474658892845,69,1,rc,direct,1,1991.6121455705188,170.36680584229066,2000.0,472.2008035499034,2.5,588.9000000000001,560.0,491.11714608567115,900.4719561042704,354.235288209827,fail,contact_no_pot
321.76012623404927,41.37677906379315,113.7760067613595,354.43187847173795,785.196957736724,225.35384515907847,70,1,lt,direct,1,1995.4462319770207,-639.2799508038233,2000.0,256.35792057536037,2.5,-16.75843071412117,1136.7584307141212,439.1559289553386,228.01389639701537,1016.6978567913021,fail,contact_no_pot
71.65018897786678,88.76711573824167,144.95573945949064,668.298117984455,991.9927014787348,1050.7915826900717,71,1,lt,direct,1,1992.1820397895362,500.6542612293972,2000.0,440.1181642503125,2.5,-16.75843071412117,1136.7584307141212,-16.75843071412117,1136.7584307141212,0.0,success,
232.12505450312557,225.92062175957915,317.88679806670837,286.76220039939324,705.2683288705952,865.2369209903766,72,1,lt,direct,1,1994.426873271032,-781.022737556445,2000.0,313.74351353245265,2.5,-16.75843071412117,1136.7584307141212,-16.75843071412117,1136.7584307141212,0.0,success,
489.56662054253064,515.9887280207843,36.43045188110227,132.58068308747798,65.98840077094573,595.2525030796004,73,1,rb,direct,1,1996.30410023364,1583.4497933590328,2000.0,208.06355834946226,2.5,566.7584307141212,-16.75843071412117,566.7584307141212,-16.75843071412117,0.0,success,
60.09869103995863,184.9004179007943,386.04259724318257,179.96963980041602,26.31149037677472,89.41301266238546,74,1,rb,direct,1,1990.472423775664,240.43061792073695,2000.0,536.3623304192961,2.5,566.7584307141212,-16.75843071412117,187.0127180409429,73.70699867571608,390.3726427509332,fail,contact_no_pot
495.9656667260576,137.84774982279436,134.19581372434362,743.9271084224921,295.81276783129965,106.31810911991256,75,1,lb,direct,1,1997.6461679121846,-795.7009787765205,2000.0,132.5108122264719,2.5,-16.75843071412117,-16.75843071412117,527.6401590632332,485.55812895798454,740.7373020662536,fail,contact_no_pot
355.02859977358025,437.5286241688482,102.56874746229971,418.7510867975142,1013.0881293913678,919.3576307220047,76,1,rt,direct,1,1992.725695110298,-367.1957353780613,2000.0,409.5126641815982,2.5,566.7584307141212,1136.7584307141212,566.7584307141212,1136.7584307141212,0.0,success,
447.3801298335718,170.6311367850801,380.2657892646038,655.7365962355111,323.0611412875894,476.24933746531195,77,1,lb,direct,1,1997.8704532769655,-474.4216191248497,2000.0,119.88449278276039,2.5,-16.75843071412117,-16.75843071412117,292.3768926728034,845.7444208493978,916.2291291596988,fail,contact_no_pot
397.23182173358276,284.2329819639666,168.9127367030488,286.71068283426,737.5387366531602,964.1299866123311,78,1,lt,direct,1,1995.549221035628,-936.9303192607881,2000.0,250.56007123974223,2.5,-16.75843071412117,1136.7584307141212,-16.75843071412117,1136.7584307141212,0.0,success,
425.18264352834086,306.0142440635957,165.9508243117303,554.8236964170436,576.1550931188962,222.5131606843225,79,1,lc,direct,1,1996.6837052202777,642.939176419439,2000.0,186.69339971963836,2.5,-38.9,560.0,-38.9,560.0,0.0,success,
164.71507184126148,452.05067917168566,434.7662981787046,598.1407155230213,235.5343152326847,422.5176078434363,80,1,rb,direct,1,1997.2891333535536,-220.09258467989866,2000.0,152.6103510177195,2.5,566.7584307141212,-16.75843071412117,32.116087207859565,525.5558516500096,761.5426556181798,fail,contact_no_pot
412.3782432778147,144.62883972623473,93.01961172383045,631.5181054171817,608.6972126269949,504.74139055707224,81,1,lc,direct,1,1997.9242411728621,669.6452955049244,2000.0,116.85646125489347,2.5,-38.9,560.0,-38.9,560.0,0.0,success,
349.1276126992899,190.60325755838122,362.5084394623726,1088.795615431815,893.8173683335772,601.2675440699136,82,1,lc,direct,1,1999.0314894723026,46.69226953276234,2000.0,54.52305512334624,2.5,-38.9,560.0,157.55201617520436,749.8854439501806,273.2212958088369,fail,contact_no_pot
195.46056145819742,114.97295101673036,140.437895290926,1009.9665446112249,48.57852212469753,797.7766351825787,83,1,lb,direct,1,1989.1390684913492,-1450.6733688944778,2000.0,611.4246055176932,2.5,-16.75843071412117,-16.75843071412117,306.5351805060029,219.92049180652393,400.66902977555213,fail,contact_no_pot
514.106209043916,352.72259146380406,473.15750699654006,340.77583191815455,598.5331552194018,954.4953039072815,84,1,lc,direct,1,1987.4383190753,-156.0016211036982,2000.0,707.16961965061,2.5,-38.9,560.0,-38.9,560.0,0.0,success,
226.64300989801598,125.95737116425795,164.121459905375,975.1425611136291,250.31781819537306,509.2854038140775,85,,,,,,,,,,,,,,,skipped,skipped_no_route
428.5126746499035,438.67215797220126,176.1001093074745,854.7814813329326,80.91798008081234,212.14699483538624,86,1,rb,direct,1,1990.3183933814566,-880.5967923557337,2000.0,545.0335915299188,2.5,566.7584307141212,-16.75843071412117,566.7584307141212,-16.75843071412117,0.0,success,
112.65042933787835,224.75031743364642,155.56833167461667,411.18337705244346,843.3875507634311,307.99735634720344,87,1,rt,direct,1,1993.2429066381055,-736.3056611918414,2000.0,380.39583805052007,2.5,566.7584307141212,1136.7584307141212,566.7584307141212,1136.7584307141212,0.0,fail,foul_cue_potted
65.04016367818423,267.6379821542733,176.35497669896745,938.9166898190308,967.7361104885752,438.7787209466543,88,1,rt,direct,1,1995.3467153157535,378.73821612271195,2000.0,261.9602885959439,2.5,566.7584307141212,1136.7584307141212,566.7584307141212,1136.7584307141212,0.0,success,
77.67743843222844,71.16571037782535,359.7264968062269,790.0422785233633,457.96787541095205,168.70483948866664,89,1,lb,direct,1,1998.1115571245543,-455.34919281930706,2000.0,106.31136373913887,2.5,-16.75843071412117,-16.75843071412117,116.38415824015036,386.5400250699991,424.7076564312234,fail,contact_no_pot
207.2993285001359,118.50729729610067,441.7229704540292,298.33701031993627,616.8270690671577,563.733119510056,90,1,lt,direct,1,1999.7991683016119,-620.7344648851404,2000.0,11.305977011702453,2.5,-16.75843071412117,1136.7584307141212,243.85141170499347,1058.47503470114,272.1135425829464,fail,contact_no_pot
194.41556587533108,382.6247728799268,60.424230646676904,351.1042261957875,1011.5375819344061,86.98555714027853,91,1,rt,direct,1,1992.4983074769857,-781.2012678973188,2000.0,422.3136282505534,2.5,566.7584307141212,1136.7584307141212,566.7584307141212,1136.7584307141212,0.0,success,
168.25741472484032,248.0877809489684,225.53109865240287,922.7247270315806,332.00123570433897,883.8305033633235,92,1,rb,direct,1,1993.4058403305005,-1277.0156097006216,2000.0,371.22335882820244,2.5,566.7584307141212,-16.75843071412117,566.7584307141212,-16.75843071412117,0.0,success,
451.6501154818283,261.9739748726544,113.80364636867513,457.9097782447948,769.0198768644786,92.87339506975174,93,1,lt,direct,1,1998.8454117655237,-488.55232269517,2000.0,64.99844467646835,2.5,-16.75843071412117,1136.7584307141212,-16.75843071412117,1136.7584307141212,0.0,success,
414.9927955631494,173.81782244100185,195.34137121863085,357.8226720760298,855.4538325901709,1073.950211615794,94,1,lt,direct,1,1998.4162541077903,-700.6868285352048,2000.0,89.15820955258278,2.5,-16.75843071412117,1136.7584307141212,-16.75843071412117,1136.7584307141212,0.0,success,
272.06284084323937,195.15990302725004,150.117297066148,578.5750550331845,1068.2697511116153,455.343788313631,95,1,lt,direct,1,1987.9933944116713,-218.32151503482828,2000.0,675.9212209010948,2.5,-16.75843071412117,1136.7584307141212,512.3092724768105,969.5405984826403,554.8643419574945,fail,foul_cue_potted
280.40834680549744,174.51692023713883,37.60097460205384,347.7622550609351,173.9122790490084,450.9726357088865,96,1,lb,direct,1,1996.9908465016397,620.064193696006,2000.0,169.4026418647063,2.5,-16.75843071412117,-16.75843071412117,-16.75843071412117,-16.75843071412117,0.0,success,
194.949022222081,88.44859929028917,101.33416379791157,1003.5791207423146,229.7877285350831,140.35326006123339,97,1,lb,direct,1,1997.1344069156341,-1197.5985983697624,2000.0,161.3207964516796,2.5,-16.75843071412117,-16.75843071412117,124.4480877242625,388.18880620864013,428.86075308993776,fail,contact_no_pot
496.8315070087899,448.3843856295723,231.62038679447647,334.9356313390623,1089.3338780294498,773.2507581041801,98,1,rt,direct,1,1986.6712582276514,-755.3432141363305,2000.0,750.3519080029432,2.5,566.7584307141212,1136.7584307141212,284.86654443874534,1069.6663321042727,289.76608711814964,fail,contact_no_pot
212.24873540350217,494.6215767529366,517.6656239764276,553.6675433247361,446.88127598217767,586.4167220360099,99,1,rc,direct,1,1986.0714703738397,613.8607065286901,2000.0,784.1174327757603,2.5,588.9000000000001,560.0,261.40519756515937,760.5286373375001,384.0111717310708,fail,contact_no_pot
113.88804840963844,131.485116223996,434.5817723337335,136.2637954823241,1077.870935053374,205.04017577666698,100,1,lt,direct,1,1987.2106469907183,-1437.7536666131382,2000.0,719.9865971254985,2.5,-16.75843071412117,1136.7584307141212,307.5185691249138,1039.8618137953642,338.4442745784095,fail,contact_no_pot
112.12891016196028,513.3274098749283,61.783454035631955,869.0211063372365,270.4066620835712,672.0393929190986,101,1,rb,direct,1,1995.615630961158,-1088.4233294195315,2000.0,246.82147271462418,2.5,566.7584307141212,-16.75843071412117,-16.75843071412117,-16.75843071412117,583.5168614282424,fail,potted_wrong_pocket
112.39418898832805,434.0228277020496,284.70265406920186,409.7773761084266,379.78946963754805,302.0730822338358,102,1,rc,direct,1,1989.1882839926814,293.91470558895594,2000.0,608.653980506072,2.5,588.9000000000001,560.0,162.74179461856806,1001.2745880382006,613.4607388107298,fail,contact_no_pot
365.9027484125881,363.2500444424694,191.31867708037726,677.9110626537145,27.637185216736526,405.5686656465529,103,,,,,,,,,,,,,,,skipped,skipped_no_route
187.17067878929737,244.94778444404673,233.04377587519315,906.5306826753829,275.0917010252782,1026.0486528684423,104,1,lb,direct,1,1991.11677180787,-1160.664978008222,2000.0,500.088255668541,2.5,-16.75843071412117,-16.75843071412117,-16.75843071412117,-16.75843071412117,0.0,fail,foul_cue_potted
193.87516372836689,294.69932902455,438.2238780586147,94.95454571162419,587.5733938178481,761.6096914157217,105,1,rt,direct,1,1997.1459336443777,-1407.6613428290475,2000.0,160.6718902718144,2.5,566.7584307141212,1136.7584307141212,95.6396447340303,701.265237583951,641.5662333431104,fail,contact_no_pot
418.5875212923827,43.44270201121418,109.28120825031499,992.1629750808094,167.7180416668868,58.760802674630824,106,1,lb,direct,1,1998.8080888606964,-1354.0132850774157,2000.0,67.09956669741905,2.5,-16.75843071412117,-16.75843071412117,505.43116161808797,448.8209475325687,699.6042651304043,fail,contact_no_pot
387.6138523668243,272.850392163486,423.31508187563924,232.8228868655817,245.56258946686216,904.4964669659854,107,1,lb,direct,1,1988.2109251822997,467.05887781129036,2000.0,663.6751566004905,2.5,-16.75843071412117,-16.75843071412117,-16.75843071412117,-16.75843071412117,0.0,fail,foul_cue_potted
482.34813924809663,37.91820303166634,527.8897859511504,604.7221071127952,773.4244610135354,235.32323849840844,108,1,lt,direct,1,1988.4246700698845,-606.5026513050475,2000.0,651.6422215369626,2.5,-16.75843071412117,1136.7584307141212,319.28519909823467,465.6161963265618,750.5712623836523,fail,contact_no_pot
528.9737386124882,250.7168928483488,168.19126047800478,1015.899437305132,1013.6553441426415,625.3750930298672,109,1,lt,direct,1,1994.8256524971355,298.31467701336214,2000.0,291.293926145333,2.5,-16.75843071412117,1136.7584307141212,408.53749033925857,196.19879311824928,1032.2446668978826,fail,foul_cue_potted
88.32534774439836,230.36992326110726,29.95555892088754,29.934242676777913,551.9833530066021,624.3898952368769,110,1,rc,direct,1,1986.169519623555,-810.9192754334217,2000.0,778.5976738323552,2.5,588.9000000000001,560.0,588.9000000000001,560.0,0.0,success,
60.570641639020316,337.07637473315685,257.7053618662262,743.5074577828536,315.74231968345305,147.07390671539287,111,1,rb,direct,1,1999.6608375530163,-764.7581922891873,2000.0,19.09341433450936,2.5,566.7584307141212,-16.75843071412117,566.7584307141212,-16.75843071412117,0.0,success,
194.83096359278676,221.05700541175565,396.19389709684174,121.53019900665308,24.350408646281807,1053.1830327833768,112,,,,,,,,,,,,,,,skipped,skipped_no_route
348.0876765515982,74.53402125270446,445.2810024168162,1058.830313769367,880.3870588845026,306.82104862861564,113,1,lc,direct,1,1992.5269521369044,-12.216629777514754,2000.0,420.701054791547,2.5,-38.9,560.0,120.9166062569416,791.0436978210922,280.93155383176605,fail,contact_no_pot
333.4293891130583,61.70463846488627,241.16187453397416,100.44683160443796,743.7905699831309,240.940301793491,114,,,,,,,,,,,,,,,skipped,skipped_no_route
60.772482701877045,528.7628621264831,97.34525358267086,793.4487930597155,173.21517478713113,242.12355354580416,115,1,rb,direct,1,1995.1775718900667,-957.9708096274198,2000.0,271.48234959449337,2.5,566.7584307141212,-16.75843071412117,28.101775018582444,385.3607969377489,672.1985316648934,fail,contact_no_pot
253.00250262917595,31.28364829975254,49.57674625604227,858.5145393510138,459.00870809508655,341.1309311191067,116,1,lb,combo,2,1993.0364121007874,-778.8411054312287,-601.4724164300528,392.02060899404796,2.5,-16.75843071412117,-16.75843071412117,-16.75843071412117,-16.75843071412117,0.0,success,
437.8491385486247,400.0159812804457,96.2570996213538,991.3118236099186,805.4467932452211,810.3426864693156,117,1,rc,direct,1,1989.4665359638354,493.7011366659301,2000.0,592.9895688889042,2.5,588.9000000000001,560.0,249.385310791254,414.67961664509716,369.3077822182026,fail,contact_no_pot
449.9340263502511,340.3649763264599,477.7162633934281,682.3483856323927,1005.3668126650657,439.81705338160043,118,1,lt,direct,1,1989.9280622022914,-207.78210264801328,2000.0,567.0075895292889,2.5,-16.75843071412117,1136.7584307141212,55.8051280807756,997.3906872351357,157.1268213495225,fail,foul_cue_potted
424.9875852637804,186.70264950047533,192.34879101761337,436.5620023027556,65.89805223287908,606.7040022138536,119,1,lb,direct,1,1993.1743221192041,11.195381315836357,2000.0,384.25685700460645,2.5,-16.75843071412117,-16.75843071412117,458.72586144662705,175.53456354060853,512.8956109493015,fail,contact_no_pot
350.23072331257174,198.7372186846452,323.8844431318645,796.669047292384,1049.652042904708,1095.0557140689557,120,1,lt,direct,1,1992.4933136582624,427.3931041190626,2000.0,422.5947591683198,2.5,-16.75843071412117,1136.7584307141212,382.82702874726994,763.4367518877252,546.8433187803704,fail,contact_no_pot
28.368222015040597,226.3284042700186,170.230202045568,946.9298181144593,692.5168044548759,1024.8147832857464,121,1,rc,direct,1,1993.5677261272328,-137.54177214123138,2000.0,362.1098717090622,2.5,588.9000000000001,560.0,588.9000000000001,560.0,0.0,success,
70.79104707550154,33.28024622417331,305.1519708124845,408.7213739057629,275.89551779046866,238.881676114782,122,1,lb,direct,1,1998.506381395176,745.6084417015932,2000.0,84.08442365380051,2.5,-16.75843071412117,-16.75843071412117,566.7584307141212,1136.7584307141212,1292.7076534044074,fail,foul_cue_potted
243.5489892759677,222.7986587291809,112.43576599219199,83.57148413155298,817.5110290020629,208.83880015158695,123,1,lt,direct,1,1993.3818123012543,-1482.225468052049,2000.0,372.5760354647882,2.5,-16.75843071412117,1136.7584307141212,-16.75843071412117,1136.7584307141212,0.0,fail,foul_cue_potted
218.4619048148883,258.41063717039026,40.539112750162474,1073.9374036285465,170.66546307742104,806.6919635407935,124,1,lb,direct,1,1989.2172698122147,-1845.4446924507952,2000.0,607.0222012006125,2.5,-16.75843071412117,-16.75843071412117,-16.75843071412117,-16.75843071412117,0.0,success,
475.41854682259105,452.9262592908811,300.7335170956991,112.38921716391764,592.044097651798,937.0349035281669,125,1,rt,direct,1,1997.1926579501555,-1157.8814980755692,2000.0,158.04150905584402,2.5,566.7584307141212,1136.7584307141212,479.5136748667433,1086.1068852955007,100.88224063809827,fail,contact_no_pot
188.6923834256395,47.58601770408467,228.66558312069495,1063.019475467531,145.23775482079893,632.9092261654881,126,1,lb,direct,1,1997.5942605550558,-1365.997873690305,2000.0,135.4329773584982,2.5,-16.75843071412117,-16.75843071412117,488.04411858444746,350.3648892388564,624.1835834365,fail,contact_no_pot
108.46255602385766,351.62394349718284,254.5163719461081,115.21143212298844,96.24123532148974,1000.0387297281585,127,1,rb,direct,1,1995.1137455588305,570.9278566963665,2000.0,275.07550266489943,2.5,566.7584307141212,-16.75843071412117,520.6054008076451,623.9720817206744,642.3906068230635,fail,contact_no_pot
327.28201546885987,172.43681925806465,385.183688707402,290.8903258139006,578.5195147436295,1026.828254097017,128,1,lc,direct,1,1986.942225788526,339.75282303152767,2000.0,735.0975779407554,2.5,-38.9,560.0,-38.9,560.0,0.0,success,
101.91968775170153,136.00205501809506,463.72872190291696,478.3045886366512,211.3184171530816,380.47753379627716,129,1,lb,direct,1,1991.6018649197547,369.4997320022835,2000.0,472.77956079857313,2.5,-16.75843071412117,-16.75843071412117,-16.75843071412117,-16.75843071412117,0.0,success,
433.8934155253694,311.4635151788614,130.52715362074798,74.71956351905581,386.27469139937705,845.8245396744348,130,1,lc,direct,1,1991.6173452295563,-206.51186059545762,2000.0,471.9080846911884,2.5,-38.9,560.0,-38.9,560.0,0.0,fail,foul_cue_potted
152.98677648443868,242.6909467984329,323.3384411389501,76.70716284295496,245.11540267958634,126.0136171197421,131,1,rc,direct,1,1995.6439208998686,30.87689146040725,2000.0,245.22886856254445,2.5,588.9000000000001,560.0,456.48610881823015,59.65934041734965,517.5656617372323,fail,contact_no_pot
303.69548503166396,512.699602103451,185.67327570278823,106.13119673377955,461.01359513648885,521.513446870879,132,1,rc,direct,1,1998.604529110906,423.8782791758067,2000.0,78.5591214893584,2.5,588.9000000000001,560.0,-16.75843071412117,1136.7584307141212,836.3446790019698,fail,foul_cue_potted
180.73062960542893,375.95833739206756,81.61474864061921,854.047001295097,1024.2347740607152,494.01168804347463,133,1,rt,direct,1,1997.7943434871825,600.2185776561068,2000.0,124.16915272717597,2.5,566.7584307141212,1136.7584307141212,86.11085583810062,1081.3052016041315,483.83587284628334,fail,contact_no_pot
91.20791177255728,172.46968875421862,147.3116646472148,955.8992029577258,891.369086557897,483.2538369311773,134,1,rc,direct,1,1999.983816957316,111.69180463653925,2000.0,0.9110370027883619,2.5,588.9000000000001,560.0,566.7584307141212,-16.75843071412117,577.18327807574,fail,potted_wrong_pocket
211.57129741367447,35.94360687434721,529.5930295438965,207.33258981529468,690.1529415660489,806.80164194028,135,1,lt,direct,1,1997.444607057535,-926.0685730858736,2000.0,143.8578376583032,2.5,-16.75843071412117,1136.7584307141212,192.3166670709967,778.0682443979482,415.1759220780843,fail,contact_no_pot
159.76273845587718,290.5115536880628,351.98880393145606,873.5748483808272,127.18978839418888,63.80160952004202,136,1,lb,direct,1,1986.1314436838497,-1435.9443991167964,2000.0,780.7411885387592,2.5,-16.75843071412117,-16.75843071412117,6.468780521550536,17.856047288416995,41.68531431061438,fail,contact_no_pot
407.0872569394012,410.9946741175726,460.4294117861971,777.7525445748684,24.947288498278514,571.3578642140485,137,1,rb,direct,1,1986.1499429599628,-857.8035499790935,2000.0,779.6997573695448,2.5,566.7584307141212,-16.75843071412117,395.3170662928767,67.6061494653614,191.07465510495712,fail,contact_no_pot
480.57458101134466,133.31885331367045,512.2547587927561,97.50025546870503,313.26212444236234,976.1631647509641,138,1,lc,direct,1,1995.4402972859298,-131.95939166816152,2000.0,256.6920186365069,2.5,-38.9,560.0,338.3707636647366,637.669297262376,385.1827473465093,fail,contact_no_pot
300.7448268539703,20.12337216517272,94.19044234280221,215.99344092371035,202.17712157999378,1040.2473640206963,139,,,,,,,,,,,,,,,skipped,skipped_no_route
159.942729629322,66.14321359283844,405.44915435588246,130.10997643907066,944.9136923217527,409.2145931936241,140,1,lt,direct,1,1996.855073688959,-1135.4647872364712,2000.0,177.04607819125795,2.5,-16.75843071412117,1136.7584307141212,205.61952148016942,841.5034052150211,369.6315512839786,fail,contact_no_pot
426.4167592056883,263.84678041106474,341.1354485622941,248.52615711053897,402.7034352735436,544.4774688714602,141,1,lc,direct,1,1996.5651732431234,329.45458823797276,2000.0,193.36624977076644,2.5,-38.9,560.0,-38.9,560.0,0.0,success,
77.93802589730814,327.00560613139317,333.8171373764804,378.7883159858926,968.7821274710342,477.77221925947276,142,1,rt,direct,1,1993.9271708252354,-846.2624279634579,2000.0,341.8746522431584,2.5,566.7584307141212,1136.7584307141212,566.7584307141212,1136.7584307141212,0.0,success,
64.85378321338493,330.95929820832134,312.1141128745292,321.5714031620112,95.36398600879518,378.78998856854685,143,1,rb,direct,1,1997.0115620364406,187.9746636451739,2000.0,168.2364446850679,2.5,566.7584307141212,-16.75843071412117,99.05728750489727,369.0343194555887,606.2840963135378,fail,foul_cue_potted
427.87168721340515,335.1662592474352,525.6787894377618,307.437939411712,340.02987996175875,442.55922422908617,144,1,lc,direct,1,1996.7987404970736,435.6607344324616,2000.0,180.21739914089994,2.5,-38.9,560.0,27.32547556155703,479.8279969599299,103.98732463531982,fail,contact_no_pot
108.1787158595074,54.030622255538326,355.4807117234166,118.75367595241654,1012.978775370842,464.51827600453873,145,1,lt,direct,1,1995.1023531744356,-1172.3428994554715,2000.0,275.7168458249139,2.5,-16.75843071412117,1136.7584307141212,-16.75843071412117,1136.7584307141212,0.0,success,
525.3290638457964,398.81825887069033,355.6777368720124,479.6303841028156,318.9926827731697,169.66698396317602,146,1,lb,direct,1,1997.190208692813,-216.56339424080943,2000.0,158.17939190717016,2.5,-16.75843071412117,-16.75843071412117,-16.75843071412117,-16.75843071412117,0.0,success,
30.857631914425383,22.787964303254398,100.434670927129,1074.9199319305076,553.2821949655893,844.5702737162998,147,1,lb,direct,1,1999.4062199299278,-1332.1901918907529,2000.0,33.42731190404356,2.5,-16.75843071412117,-16.75843071412117,31.645505150366606,173.92107308979,196.72725835043607,fail,contact_no_pot
414.8572664828025,334.35257004838473,154.50513318310288,43.03513493193569,302.0236805464021,437.5190198115668,148,1,rc,direct,1,1987.5998102657697,48.600950616868886,2000.0,698.0783471986188,2.5,588.9000000000001,560.0,52.331585992195656,924.5894904405144,648.71500633986,fail,foul_cue_potted
75.79028948214915,118.50085531285896,507.1382646569985,1005.1415560267914,200.57599434378125,1069.1549598882282,149,1,lb,direct,1,1993.4723901245657,-1255.351669036876,2000.0,367.4768862948699,2.5,-16.75843071412117,-16.75843071412117,-16.75843071412117,-16.75843071412117,0.0,success,
59.838668593592786,216.60717187477184,530.1721818306044,269.9872561503699,275.1473497476061,440.26716534467073,150,1,rc,direct,1,1991.8757563099152,115.89429230629867,2000.0,457.36063148756784,2.5,588.9000000000001,560.0,485.4873960171357,965.154031074236,418.1434628906922,fail,contact_no_pot
507.35538181989324,136.95360229792027,68.72751923067506,474.83126707852335,1051.3761205897542,993.9337239139177,151,1,lt,direct,1,1994.6752672582957,-614.4042680136754,2000.0,299.75998039308206,2.5,-16.75843071412117,1136.7584307141212,366.70564183631905,336.79287160675193,887.1243377875139,fail,contact_no_pot
49.87821781409224,242.35638926402822,226.33630773830544,229.0447033662285,723.6460740989219,1006.4295200694129,152,1,rt,direct,1,1996.7569876126613,-1220.3471963883435,2000.0,182.56791031581588,2.5,566.7584307141212,1136.7584307141212,566.7584307141212,1136.7584307141212,0.0,fail,foul_cue_potted
415.85436206256185,365.4704096147934,115.96660297913839,460.9476937636391,619.1252330890972,195.1934977258671,153,1,rt,direct,1,1991.2758962482364,-191.33442399723526,2000.0,491.13022125853695,2.5,566.7584307141212,1136.7584307141212,480.10505757293697,1026.7058749961163,140.07273859252516,fail,contact_no_pot
232.75856269404125,371.2870717857776,429.17899166686374,595.4412732421173,968.9107743650515,300.39084097857375,154,1,rt,direct,1,1994.3045790876636,31.930292684343613,2000.0,320.6281599150843,2.5,566.7584307141212,1136.7584307141212,566.7584307141212,1136.7584307141212,0.0,success,
392.28555551236525,267.6162698907137,221.12482411595386,901.7506528670428,877.4248171130349,810.5192548786326,155,1,lt,direct,1,1987.5502443456255,441.22494542121285,2000.0,700.8686993104193,2.5,-16.75843071412117,1136.7584307141212,-16.75843071412117,1136.7584307141212,0.0,success,
276.2040937499621,24.017753516596372,51.60396688696192,453.06752941855444,705.7871360858107,412.38583901071723,156,1,lt,direct,1,1992.1842382861464,-404.79943514959314,2000.0,439.994398169898,2.5,-16.75843071412117,1136.7584307141212,272.4017234830885,82.59156094048362,1093.106300459248,fail,contact_no_pot
501.05855793071265,44.81627992688214,252.6721320448882,1062.2582013339818,317.38229540064765,317.8005305377336,157,1,lb,direct,1,1996.073973976263,-1719.7982072433879,2000.0,221.01869539492645,2.5,-16.75843071412117,-16.75843071412117,475.2319478668615,465.5931131070876,688.9974923343061,fail,contact_no_pot
441.73000840810045,157.10631020651988,168.68865480642762,273.760621577457,1015.0269383687967,906.3439773371869,158,1,lt,direct,1,1993.6423033457438,-1079.2275531070427,2000.0,357.9114890590622,2.5,-16.75843071412117,1136.7584307141212,-16.75843071412117,1136.7584307141212,0.0,success,
161.23533497428855,189.5664178659729,315.81285684686713,300.91285934540883,390.00881224470226,576.6295752854861,159,1,rc,direct,1,1987.1305610420545,394.11917336249917,2000.0,724.4950980335661,2.5,588.9000000000001,560.0,588.9000000000001,560.0,0.0,success,
225.44345765056414,58.243450597540516,294.2526030030343,78.68943185777225,1013.4315017316968,524.1392665548494,160,1,lt,direct,1,1996.0659363066648,-1342.9803450594086,2000.0,221.47118227041892,2.5,-16.75843071412117,1136.7584307141212,-16.75843071412117,1136.7584307141212,0.0,success,
391.53488825052415,342.1445943919448,244.34603739617287,693.2177927714904,947.51129429108,860.0917245297551,161,1,rt,direct,1,1987.7227971454245,305.62266804214073,2000.0,691.1547049385745,2.5,566.7584307141212,1136.7584307141212,566.7584307141212,1136.7584307141212,0.0,success,
516.9239646354387,180.15283457166817,48.45820239822797,943.9541439855492,752.7285004824143,583.6668253897188,162,1,lc,direct,1,1997.674334356633,-27.17710720178843,2000.0,130.92516028013915,2.5,-38.9,560.0,450.10483032085756,992.1307111794351,652.5815471047086,fail,contact_no_pot
454.46375300565876,385.5257789115704,461.78166356081596,867.9677688898678,1008.6988472463601,227.4040494878107,163,1,lt,direct,1,1989.6171228193607,245.87603727134842,2000.0,584.5121644726778,2.5,-16.75843071412117,1136.7584307141212,307.54260985087996,864.4141573861635,423.4885690618766,fail,contact_no_pot
90.02394850305768,505.68600924448015,475.3640122174571,62.173907199823766,484.14430008639704,773.831867011168,164,1,rc,direct,1,1999.4121494898961,-106.26953817255298,2000.0,33.093502703462946,2.5,588.9000000000001,560.0,364.9517468586476,1029.5581936679425,520.228524137003,fail,foul_cue_potted
118.123625308854,469.03329025006815,383.623119623756,988.4835378889718,727.1204605271306,1068.1960975648722,165,1,rc,direct,1,1996.5495506283619,82.57944754715732,2000.0,194.24573704679324,2.5,588.9000000000001,560.0,183.63625791724493,247.19224652191798,511.9447150649398,fail,contact_no_pot
71.90221336849095,119.19485133985569,195.37805109915377,508.0186870517245,875.1566827191966,904.152146525311,166,1,lt,direct,1,1993.129905991527,-3.668813057982561,2000.0,386.75729753514725,2.5,-16.75843071412117,1136.7584307141212,468.7762273005068,229.4788940416231,1029.0286982383168,fail,contact_no_pot
258.46940455606733,444.96862234488435,200.74869295897923,525.8244874894364,408.9866591248619,801.7909588530314,167,1,rb,direct,1,1991.1553001629184,-9.477689528034944,2000.0,497.91927188774207,2.5,566.7584307141212,-16.75843071412117,434.72957541320375,45.54932437617432,145.99272234074837,fail,foul_cue_potted
224.67416272858998,304.4867319736746,502.6849016113725,832.7279082055921,519.6393434140454,1039.5418081109233,168,1,rb,direct,1,1997.6232268945218,-788.7572254000879,2000.0,133.8022946986216,2.5,566.7584307141212,-16.75843071412117,448.62771583255176,167.7133861067486,219.0541417084443,fail,contact_no_pot
236.9774250108012,107.65059439375297,28.167530179169773,528.8837576043551,662.584875640173,918.9011558651981,169,1,lt,combo,2,1996.5495343102862,87.08101598841358,-601.4724164300528,194.24665568558817,2.5,-16.75843071412117,1136.7584307141212,353.4866017537495,996.6033202624468,395.88488106121923,fail,contact_no_pot
203.4055006470569,390.2937882382199,33.2681453055157,973.3721922092003,620.1628502226307,314.8110545195949,170,1,rc,direct,1,1991.1753910393277,164.1077485818787,2000.0,496.78824033917454,2.5,588.9000000000001,560.0,588.9000000000001,560.0,0.0,success,
49.09606526991542,182.86358862559075,202.64179567990618,842.68148536109,274.7065480487699,598.9885750395408,171,1,lb,direct,1,1990.972165470565,-879.7429627064812,2000.0,508.2289821496702,2.5,-16.75843071412117,-16.75843071412117,-16.75843071412117,-16.75843071412117,0.0,fail,foul_cue_potted
95.19053367094074,96.34536256011148,58.125625913654,749.5728467100583,860.9101022555843,120.35604002142082,172,1,lt,direct,1,1993.9541991320912,812.9573335158063,2000.0,340.3530726398012,2.5,-16.75843071412117,1136.7584307141212,62.665186156405234,988.3870318541589,168.29195737306702,fail,foul_cue_potted
525.1146914335433,231.77721398239362,365.96578464488164,289.71222489249834,879.6593989839059,743.3885166934314,173,1,lt,direct,1,1996.6689338095978,-1095.825334102718,2000.0,187.52496779836292,2.5,-16.75843071412117,1136.7584307141212,-16.75843071412117,1136.7584307141212,0.0,success,
528.1545324723085,116.79875545816374,390.01602371021664,115.11784962364388,583.6106210062105,73.18824734750117,174,1,lc,direct,1,1989.2156155435428,-404.0842706094086,2000.0,607.1153295450249,2.5,-38.9,560.0,-38.9,560.0,0.0,fail,foul_cue_potted
376.3773392813981,207.16616932051568,388.01869441647926,357.99084792810476,1080.4660218202143,648.4724283284214,175,1,lt,direct,1,1988.3225113958472,-1019.898631933635,2000.0,657.3933237259162,2.5,-16.75843071412117,1136.7584307141212,391.23667468066947,874.1314788861737,485.2143050782256,fail,contact_no_pot
196.4281631373114,188.1784286664312,509.31194504166444,342.0625506550731,197.02829362963126,312.83249222686186,176,1,lb,direct,1,1990.619953914601,689.042236820399,2000.0,528.0570062461738,2.5,-16.75843071412117,-16.75843071412117,-16.75843071412117,-16.75843071412117,0.0,success,
386.14219387794753,85.9659233229926,309.9912890807026,775.3768949573611,490.1256856124041,657.0698619448472,177,1,lb,direct,1,1993.1656083735736,-844.6196013711369,2000.0,384.74740410736194,2.5,-16.75843071412117,-16.75843071412117,149.298885874312,281.1381405878,341.0533676508586,fail,foul_cue_potted
198.28871230818265,436.7494746679215,420.04388823987574,370.5794281083457,374.5295519338751,165.98588735948297,178,1,rc,direct,1,1989.7468269790336,560.7370448962406,2000.0,577.2103676978059,2.5,588.9000000000001,560.0,33.97749184824984,1080.0129402560106,760.4948705199336,fail,contact_no_pot
139.06717464057834,375.0807171395203,322.1989138825944,1031.1612116229182,661.2651039788049,959.2797376996767,179,1,rc,direct,1,1993.7549759318276,-32.72283151601914,2000.0,351.5684979957291,2.5,588.9000000000001,560.0,588.9000000000001,560.0,0.0,fail,foul_cue_potted
227.73485482811526,237.2470327742045,291.9366860478308,283.473199482651,869.0655296255372,243.28560718975103,180,1,lt,direct,1,1991.5771911891864,-931.1879598817941,2000.0,474.16858769440796,2.5,-16.75843071412117,1136.7584307141212,-16.75843071412117,1136.7584307141212,0.0,success,
505.8719705817486,465.6047551869601,512.1906084672289,279.364343026207,542.7460245007085,466.1814534753338,181,1,rt,direct,1,1996.1899643970587,-631.3734832537434,2000.0,214.4889242401805,2.5,566.7584307141212,1136.7584307141212,343.7799903395223,633.9202860246976,550.0596191564968,fail,contact_no_pot
529.7373458533934,42.55630651476475,191.06637012866594,697.2529561685648,690.7057036302847,844.3619045270475,182,1,lc,direct,1,1989.0650568950098,36.37911512384903,2000.0,615.5911460266234,2.5,-38.9,560.0,181.0545084752131,676.3468652076857,248.83042185839736,fail,contact_no_pot
194.04849118277002,514.1315072391318,189.41934427346337,284.513735287475,431.63357958035374,971.3123982867036,183,1,rc,direct,1,1993.0360033317252,514.2423968517669,2000.0,392.0436209670452,2.5,588.9000000000001,560.0,325.6267840040342,155.24569210359562,482.84452572391854,fail,contact_no_pot
132.59878812833097,425.814861262599,501.49849468551923,861.9867789270497,807.4056822297767,817.7424177403203,184,1,rc,direct,1,1990.745534937546,201.28367832787126,2000.0,520.9873246674356,2.5,588.9000000000001,560.0,486.3122227950165,1072.282503990765,522.4534581442709,fail,contact_no_pot
472.9128136580319,206.9240285170476,395.64085656322,800.4855378699194,887.8179819346644,43.06341145560226,185,1,lt,direct,1,1993.8794480644785,160.77832663380013,2000.0,344.5612422604868,2.5,-16.75843071412117,1136.7584307141212,-16.75843071412117,1136.7584307141212,0.0,success,
54.48184244120216,378.31013384133496,163.25652565723112,786.5294031238444,348.92350513294286,415.4212119048682,186,1,rb,direct,1,1998.2267564473232,-899.9766267163691,2000.0,99.82612806448606,2.5,566.7584307141212,-16.75843071412117,236.5774426391824,519.1063258428221,629.4207831061625,fail,contact_no_pot
48.30384200505108,318.6649309152819,37.03253340348249,813.2713437315837,273.4507603853392,1082.0439173024542,187,1,rb,direct,1,1997.347963387737,-996.0570461267835,2000.0,149.29846838457843,2.5,566.7584307141212,-16.75843071412117,566.7584307141212,-16.75843071412117,0.0,success,
351.0947568056543,164.54882685187397,358.4592045377633,798.7449241804838,998.1713743609425,426.4835274870214,188,1,lt,direct,1,1998.027009455994,535.0515272448974,2000.0,111.07104064675423,2.5,-16.75843071412117,1136.7584307141212,-16.75843071412117,1136.7584307141212,0.0,success,
107.99964651982948,261.6244588164339,198.4622439360486,219.02753550461955,904.347562181002,962.6976617107525,189,1,rt,direct,1,1992.4709769704866,-1338.77790027224,2000.0,423.85222041840825,2.5,566.7584307141212,1136.7584307141212,566.7584307141212,1136.7584307141212,0.0,success,
369.8562858837069,509.85671637434535,346.80209996945666,714.1438504963603,163.19180595531816,789.4345976395792,190,1,rb,direct,1,1999.370282224571,-271.40011334198834,2000.0,35.450453041027686,2.5,566.7584307141212,-16.75843071412117,-16.75843071412117,1136.7584307141212,1292.7076534044074,fail,potted_wrong_pocket
201.07190190284786,349.5727071051496,130.61428199594675,134.0267010671955,1014.7865815528543,1078.2345625443102,191,1,rt,direct,1,1990.52238408704,-1533.53882582491,2000.0,533.5497757456756,2.5,566.7584307141212,1136.7584307141212,40.14517178269036,1081.5478190347596,529.4995147536885,fail,contact_no_pot
511.6001423311022,374.5996159230219,155.3194084624354,826.1093608355118,260.02204993886755,1067.9452090735977,192,1,rb,direct,1,1990.837762011513,-825.9282434853258,2000.0,515.7953296462492,2.5,566.7584307141212,-16.75843071412117,566.7584307141212,-16.75843071412117,0.0,fail,foul_cue_potted
272.31670687665314,436.83197386185196,103.77355630487047,828.4327763687783,330.34479944264405,114.72830940353641,193,1,rb,direct,1,1999.5679461771963,-707.0344716939476,2000.0,24.322806746336482,2.5,566.7584307141212,-16.75843071412117,49.065416628526734,143.4056256509358,541.9027419974333,fail,contact_no_pot
265.005503300895,20.988256901393186,483.69182077680756,378.8621483057512,357.87577602434266,403.24393628178456,194,,,,,,,,,,,,,,,skipped,skipped_no_route
222.11683409813728,82.01071284106668,207.70049532425313,814.3685757778421,400.27426877445043,257.09867978596634,195,1,lb,direct,1,1998.94992877357,-614.4979895199649,2000.0,59.11457823612864,2.5,-16.75843071412117,-16.75843071412117,176.83937711812916,387.0814256412056,447.84678270424575,fail,contact_no_pot
466.64615921771053,341.95518208672354,243.03058353223227,666.5507966311316,270.5116002734457,657.1421787741879,196,1,rb,direct,1,1989.2700821224337,-399.14296721934033,2000.0,604.0490910289532,2.5,566.7584307141212,-16.75843071412117,566.7584307141212,-16.75843071412117,0.0,fail,foul_cue_potted
106.60445347123381,132.99904091093333,290.13616813401285,599.0168461287558,779.9577785296575,583.2588998561052,197,1,lt,direct,1,1993.1227638525436,299.32357179155315,2000.0,387.1593698166066,2.5,-16.75843071412117,1136.7584307141212,483.07544393229585,243.0925603867909,1023.9495056065778,fail,contact_no_pot
290.2293928467183,223.5833523309983,127.79194276956424,209.64124878112577,333.3365578714527,119.32646716673462,198,1,lc,direct,1,1994.959250705077,570.4673702400326,2000.0,283.772910887712,2.5,-38.9,560.0,148.71866660442126,968.819612235902,449.8157838572745,fail,contact_no_pot
234.12142882235167,316.3251236256204,74.54310673631886,917.0440761376468,144.4088860433445,983.81944998498,199,1,rb,direct,1,1990.4590823204792,-1320.7863889434166,2000.0,537.1133980387735,2.5,566.7584307141212,-16.75843071412117,566.7584307141212,-16.75843071412117,0.0,success,
